y,x1,x2
1.0,-1.0856306033005612,-0.748827465569452
1.0,0.9973454465835858,0.567594726027765
1.0,0.28297849805199204,0.7181505425518439
0.0,-1.506294713918092,-0.9993807492735187
1.0,-0.5786002519685364,0.47489832293698464
0.0,1.651436537097151,-1.86849981325055
1.0,-2.426679243393074,-0.20265890716555396
1.0,-0.42891262885617726,-1.1342480262783414
0.0,1.265936258705534,-0.8076993401971515
0.0,-0.8667404022651017,-1.2760773521443496
1.0,-0.6788861516220543,0.5536263953389848
1.0,-0.09470896893689112,0.5538744704318675
0.0,1.4913896261242878,-0.6912004453327776
1.0,-0.638901996684651,0.37558230644359847
0.0,-0.44398195964606546,0.26127255313537523
1.0,-0.43435127561851733,-0.12845175433344264
1.0,2.2059300827254558,2.158170199583578
0.0,2.1867860889737867,-0.8408786171398601
0.0,1.004053897878877,0.01430509071313689
0.0,0.386186399174856,-0.3823870292955589
0.0,0.7373685758962422,-0.37178001463042154
0.0,1.490732028150799,0.15941200409147932
1.0,-0.9358338684023914,-0.29439570018964456
0.0,1.1758290447821034,-0.8604267600922381
1.0,-1.2538806677490124,0.12422749795973094
1.0,-0.6377515024534103,1.1823316467539853
1.0,0.9071051958003012,0.9427663799784999
1.0,-1.428680700225969,0.2030444884087107
0.0,-0.1400687201886661,-0.735396813798929
1.0,-0.8617548958596855,0.18642960039946957
1.0,-0.2556193705305969,1.084643023345939
1.0,-2.7985891054607244,1.191189262326987
1.0,-1.771533104509847,0.35968705956639585
1.0,-0.6998772345979173,-0.3643572001662182
0.0,0.9274624317585825,-0.20275274943287133
1.0,-0.1736356827902158,0.7720459273385046
1.0,0.0028459158968110196,0.6863462148712504
0.0,0.688222711102285,-1.7576996121379838
1.0,-0.8795363430090519,0.6586175647922772
1.0,0.283627323807291,0.7112883400295278
1.0,-0.8053665180656158,-0.8871914250052731
1.0,-1.7276694941206072,-0.7649811162236813
1.0,-0.390899793755101,-0.7571640981176355
0.0,0.5738058624050577,-0.6802628025228472
0.0,0.3385890509998015,-1.4167495871942342
1.0,-0.01183049447881976,0.31309192955194687
0.0,2.392365265937726,-0.7857193987675104
1.0,0.4129121603087788,-0.07038383609128987
0.0,0.9787360059373466,-0.49756878304899554
0.0,2.2381433384979528,0.25517752139669
1.0,-1.2940853231612488,-1.0106170360719506
1.0,-1.0387882102049535,0.24526537489646627
0.0,1.7437122251229307,0.3897810159436931
1.0,-0.7980627352410625,0.8275945851986286
1.0,0.02968323030333022,1.9677690893906574
0.0,1.0693159694243486,-2.092101770254218
1.0,0.8907063912931708,0.3203143343731366
0.0,1.7548861819811095,-0.7091628416067399
0.0,1.4956441370334692,-1.9250586729111605
0.0,1.0693926697057368,0.8416306233066554
1.0,-0.7727087142471915,1.3321998838949054
0.0,0.7948626677932181,-0.3916277104992575
0.0,0.31427199450686705,0.21091629622201072
1.0,-1.326265459940456,-0.06407674016315698
0.0,1.4172990464768525,0.43419766809319615
1.0,0.8072365345785665,0.8805357489235972
0.0,0.045490080631097156,0.3449373356933971
1.0,-0.2330920609844135,0.34576992946015894
1.0,-1.198301144700787,1.2597365428716338
0.0,0.19952407355863258,-0.16466222217661836
1.0,0.46843911944564426,0.9230645712989498
1.0,-0.8311549842432792,-0.8220004221915188
1.0,1.1622040490995293,1.6070849467167019
1.0,-1.0972030464830342,0.7378253923729058
1.0,-2.1231003500424417,-0.40375953389145974
0.0,1.0397270908927005,-2.1145481470896668
1.0,-0.4033660381021075,-0.00031071713115009796
0.0,-0.12602958531301514,-1.1818094087707498
1.0,-0.8375167228250533,0.2996346031797468
1.0,-1.6059627607174027,1.4511688228004755
0.0,1.2552373747242185,0.16005979279648896
1.0,-0.6888689838469215,-0.17801261432452362
0.0,1.6609524881479396,0.3422054039958589
0.0,0.8073081862107286,0.28565019610987497
0.0,-0.31475814671745994,-2.3628641084522477
1.0,-1.0859024011268665,0.24093686407051298
1.0,-0.732461986720457,0.6202773561176965
1.0,-1.2125231310951696,-0.25934163429270696
1.0,2.0871133595881854,0.9785590781405097
0.0,0.16444123022982496,-0.1276745745829966
1.0,1.1502055425466322,0.7669987624804099
1.0,-1.2673520490102275,2.2731051070621544
0.0,0.18103512959700388,-0.09639112902647187
0.0,1.1778619388085783,-1.942132165918247
1.0,-0.3350107619330159,-0.3365917240756086
0.0,1.0311144589217422,-1.7258900047900703
1.0,-1.0845679120057665,0.6112378264403967
1.0,-1.3634715446185843,1.3093509740330906
1.0,0.37940061207813613,0.6958796617175403
1.0,-0.3791764345725522,0.3203082127462699
0.0,0.6420546892718314,-0.6449254575247576
1.0,-1.977887931520449,1.5756497459664778
1.0,0.7122646354705182,0.7532762119993187
0.0,2.5983039272693147,0.2844695567295501
1.0,-0.024625981431480627,0.20486031904657026
1.0,0.03414212890984157,0.11162735865000575
0.0,0.17954948463867915,0.45221642395941064
1.0,-1.8619757107917871,-0.6133271790616038
1.0,0.4261466396903099,1.5252499340034205
1.0,-1.6054097440159647,0.15233975287394327
1.0,-0.42767959812380435,0.6000544504725007
1.0,1.242869549603737,-0.43356727766942654
1.0,-0.7352169561000764,0.3749185335734271
0.0,0.5012489895674,-2.28175242630648
0.0,1.0127390539563705,-1.118298878458158
1.0,0.2787408560959998,-0.03141315318646248
0.0,-1.3709484700946077,-1.3224731100566671
1.0,-0.3324752753514139,2.439414063865167
0.0,1.959411342388286,-1.6680813139093884
1.0,-2.025045762997471,0.34590074903593754
1.0,-0.27578601386617546,1.655773153474168
1.0,-0.5521080714881078,0.4812870594120847
1.0,0.12074736309713868,-0.31022755338137453
0.0,0.7482156171872304,-0.5521440838327852
1.0,1.6086909680220534,0.6732554887726439
1.0,-0.2702323920091581,-0.8002706810425464
0.0,0.8123413299768204,-0.11948610980875449
1.0,0.49974014486517293,0.6911986057180803
0.0,0.4743472978718003,-0.30787902657630095
1.0,-0.5639239315264725,0.08751001018871311
1.0,-0.9973214687759007,-0.30408629254901026
0.0,-1.100043112620697,-0.969797603506867
1.0,-0.7564372093991233,1.1891504847221441
1.0,0.3216865758662266,1.3930662405829926
0.0,0.7609493931283295,-0.31669995390335576
0.0,0.32346884785689517,-0.26557615867858203
0.0,-0.5489550961957409,-0.177899338979872
0.0,1.805970109932475,0.5388032736257815
0.0,1.5188656236315399,-0.9053002652415295
1.0,-0.35400011275017335,-0.08852530555259044
1.0,-0.8234314059856659,0.2629590551691457
1.0,0.13021495415796958,0.6420421493872466
0.0,1.2672986450543529,-2.78083727488142
0.0,0.3327649772541171,0.40340320956851217
0.0,0.5565487049100443,0.34584676191908337
1.0,-0.21208012227562573,1.0077282366996336
1.0,0.4562708952022307,-0.5262640152206957
0.0,1.5445444514561384,-0.5183532052690668
1.0,-0.23966878147771076,1.2025165866697032
0.0,0.14330773250787254,-1.563156706149209
1.0,0.25381647654962736,1.6290902913813994
1.0,0.2837253557710373,2.5558944592278263
1.0,-1.4118888760712274,0.47745168470488547
1.0,-1.8768686558738945,0.8140984735766132
1.0,-1.0196550709218393,-1.489581707099344
0.0,0.16794229540166816,-0.6945597866975727
1.0,0.5538561660032112,1.0578625471721022
1.0,-0.5306745597736241,0.3618153469822339
0.0,1.3772574828673068,-0.18142746302677085
1.0,-0.1431759743261871,0.2328691323395445
1.0,0.02031599823462459,0.5069764843202665
1.0,-0.19396387055266243,-0.2930957010870337
0.0,0.13402679274666512,-0.028945944976738743
1.0,0.7044740740436035,-0.036307374798934554
0.0,0.6656534379123312,-1.0522789814109392
1.0,-0.8984229406095902,0.32359462795910116
0.0,1.5236637764785275,1.8035859146130904
1.0,-1.0950264574269175,1.7319621301861923
0.0,0.07922701409061239,-1.4763992958517587
1.0,-0.2743965735223526,0.5706312198767373
1.0,-1.0489916773184873,0.6755037809057729
1.0,-0.07512058797383152,-0.4105104628236417
0.0,-0.7408137732923984,-0.9642000347123947
0.0,0.07290724327605223,-1.3208143141716482
0.0,0.403085961219367,-0.44470377885003143
1.0,1.4719293689732715,0.35000913660721295
1.0,0.3073842186274145,-0.1580581757672565
0.0,-0.6112253403048249,-0.6109330882631577
0.0,-0.39161981071960156,-1.2491566313508997
1.0,0.13997810611456363,0.35071625838829684
1.0,0.09346082946215117,1.0665424469694555
0.0,1.4595892682284208,-0.9269219720344919
0.0,1.3953529297569547,0.448428964148724
0.0,-0.3589359262422613,-1.8794752439104008
1.0,-0.5486421281861983,-0.6574661089412417
1.0,-2.5570546040678583,0.7296041195157613
0.0,-0.5489204133222201,-1.1177672093896212
1.0,-0.9780577060842837,-0.6044367248124309
1.0,-0.3548244580948187,1.417966828436699
0.0,0.3915842423501111,-0.7328439802525423
0.0,0.1771923291989879,-0.8539448192292642
1.0,-0.02996800704754226,0.5758483619306721
1.0,0.1995821110885137,1.954733563155294
1.0,-0.12611777323099171,-0.2396699472941186
1.0,0.19701893254347608,0.7687358603185999
1.0,-3.2310550079193123,1.3457691801150062
1.0,-0.26929348975075423,0.3255521628805719
0.0,-0.110850721053007,-0.26991790118506015
0.0,-0.3412617162065858,-0.8763267386254864
0.0,-0.21794626210294177,-1.4252109609210646
1.0,0.7033101178067301,1.1117017451038067
1.0,-0.5981053313408254,0.18095714574188698
1.0,2.200702099217128,1.332800942422933
1.0,0.6882969302220884,0.988925316349704
1.0,-0.006307250913872172,-0.6169705200276151
0.0,-0.2066623031975665,-1.1868866999003547
1.0,-0.08652228638213517,0.4126695829369163
1.0,-0.9153070699439787,-0.632506884341217
1.0,-0.09520253925800948,0.3766891410007215
1.0,0.2786835167270544,-0.7311519376614082
0.0,0.5795416155732297,-0.8612252531972743
0.0,0.5796897791443336,-0.14099080954071416
1.0,-0.27487754656593466,0.9341006204079838
1.0,-1.4160822525219303,0.3065398953135771
1.0,-0.6691026262334455,1.1783751486717822
0.0,1.612193042812388,-1.2335617030552273
0.0,0.8960583134099478,-1.0570771415322984
0.0,0.3696195863041741,-0.08916369916031532
1.0,-0.7612942447601239,2.1657013832930687
1.0,0.003645154973777971,0.6742861135623731
1.0,-1.255668685662482,-1.066612742044729
1.0,-0.5519368756960736,-0.07614045295770798
1.0,-0.24520334168519506,0.22071479080125825
1.0,-0.361639931865213,-0.5686857455610084
0.0,0.956601931056012,0.6132749910565054
1.0,-1.4187259140354525,-0.15644613816480613
1.0,-0.8654322715151541,-0.2993307182096708
1.0,-1.3746879710222193,1.2602567871924792
0.0,-1.237353212687854,-1.709660902160285
0.0,0.12405589644664888,-0.9618053417846936
1.0,-1.6004405330562717,-0.8173089814407803
0.0,0.7538687788376367,-0.847681069998698
1.0,-0.24681577694107554,-0.7287530452913753
0.0,0.06878833252597749,0.48847595789082054
1.0,0.32257673799720377,1.0965328284103468
1.0,-0.4341665202515911,0.9160412606558886
0.0,1.0324797157533776,-1.019562126529009
1.0,-0.19434272672763503,-0.10741789856987378
1.0,0.59407025523907,0.4522652134748237
1.0,-0.19911238275725224,0.24000295228544274
1.0,0.2908743874249234,1.3057473995092346
0.0,0.2796626701579614,-0.6753342355440102
1.0,0.2499699394555311,0.156319421100823
1.0,-0.9743078496209195,-0.39323071490608835
0.0,0.43587577054744,0.2510750190895232
0.0,-0.3189569890995958,-1.0788969126896963
0.0,0.630488030489918,-0.928937720957575
1.0,-2.152493444412304,-0.7301108597884869
1.0,-1.465116222054951,-0.5636693111550467
1.0,0.36344556213502865,1.5479232656327633
0.0,1.8629275851052287,1.1754019142954315
0.0,0.8350587468112366,-0.21264967071394325
1.0,-0.6824509341999805,0.1729332942095047
0.0,-1.692052415377956,-1.594436018110398
1.0,0.7426862211616183,-0.17929234655146434
1.0,-0.0805832220429508,0.15961471331172736
1.0,0.5907042178943853,1.1456842134012242
1.0,0.11529872221079104,0.3268047196749653
1.0,0.029642925120495236,0.4328900587755523
0.0,2.958625445893176,0.2977628897504623
1.0,-0.0061299610455789804,0.26900118967212827
0.0,-0.15924520925326485,-1.3967591759349756
1.0,-0.12144867540402206,-0.41675766834030037
1.0,-0.5835367167076569,1.4348867985415426
1.0,0.9901328947153126,0.823896442609245
1.0,-0.3537543337813492,0.49423449906514094
0.0,0.6359427056445893,0.06671530922405998
1.0,0.2846030298135564,0.6594413957456623
0.0,1.2189858621324263,-0.9448894089528124
0.0,0.4201795969883613,-1.5800595620137574
1.0,-1.2133847809476472,-0.3820865522349683
1.0,-1.3264877850539407,0.5379230577237781
0.0,1.4083691460769014,0.10782988226861115
1.0,-0.6087108032644418,1.01395867884495
1.0,-1.3206025797896521,0.35145051656046883
1.0,-0.6696185998697584,0.044842196214342094
1.0,1.2646252869680072,1.327484954015637
1.0,-1.4202129989485122,1.1323757784574673
1.0,-0.8664952037596095,-0.09809130121944236
0.0,-0.6668075087965194,-1.1030498610160777
0.0,-1.2511898734731952,-0.9073614922555138
1.0,-1.1843273385116637,-0.16145113828415342
1.0,-1.5181079752636586,-0.36681138365245114
1.0,-0.46118741313672207,1.6577623298806503
0.0,-0.35490883174008503,-1.6801341489446313
1.0,-0.6825381542033059,-0.06425778688921284
0.0,-1.653697838967641,-1.0662264873982346
0.0,1.2533359468559955,0.1168018689130513
1.0,-1.3290788291721605,0.38226483289201113
1.0,0.27803371202287097,-0.4048969744139054
1.0,-1.0747665931188752,0.5304814136815165
1.0,0.6683168667415277,-0.19862694050629412
0.0,0.9558323551671646,-0.1793956127561702
1.0,-0.8776135866276552,-0.41788872541891064
1.0,-1.923715729697126,0.6508242887315826
1.0,0.6957873191396077,0.13850146370624752
1.0,1.8758005467136352,1.573239629782792
1.0,0.415694539892434,1.2700248768243845
1.0,0.16054442147971804,0.5537746075705778
0.0,0.8197606096101892,-2.1594416461000474
0.0,0.7650548459970179,-1.4843283120406374
1.0,-0.8289888337610103,0.9862505727898264
1.0,-0.6591513106966477,-0.4756385595250576
0.0,0.6111235500559109,0.23484375767829108
0.0,-0.14401334748029268,-0.6304753999997247
0.0,1.3166055958635523,0.5178866305162447
1.0,-0.7043421471287583,0.9579899440945053
0.0,0.7506099168684812,-1.2096277395856172
0.0,0.3426379813692278,-0.8135714254875379
0.0,-0.12643756370963435,-1.6637284133317123
0.0,1.1759107718346071,0.23340731182876998
0.0,0.6800715328674297,-1.6652804208298235
1.0,-1.004967153382104,-0.3660816948986407
1.0,0.6402186804198472,0.5196111465328022
1.0,1.374990631494199,2.0580929346749612
1.0,-0.13044468898462372,0.3684183422874519
1.0,-0.24865585038497331,1.2528847419749227
1.0,-0.6696471476435246,0.2591588425597657
1.0,-0.013603885675351006,0.30924340938501466
1.0,0.68620068605291,-0.210922897773194
1.0,-0.8176682995787476,-0.38327013290363465
1.0,-1.34635756073724,1.174378151542696
1.0,-0.37574991098192634,0.37467435282496664
1.0,-1.37972497865875,0.3362963448845564
0.0,0.5232184412826316,-0.6081752604310665
0.0,-0.4266897699938011,-0.3450417314284374
1.0,-1.7554018445508066,2.0674904829790592
1.0,-0.3486075147385099,-0.06750183042827537
1.0,-0.19261498579409048,1.3261680595919987
0.0,0.4491356133597169,-0.5202517113340795
1.0,-0.14536354315421035,0.8015441715482821
0.0,1.8687264568398085,0.28979559884561235
1.0,-0.5187038515389994,-0.40371310534313537
1.0,-0.06239854858230655,0.6485628985444821
0.0,-0.10291061426267058,-1.5434439088924747
1.0,-0.28262838440702354,0.5746214289211681
1.0,0.14242558501294,0.786903221911645
0.0,0.5412312971976727,0.27307318811269254
1.0,1.3400987035364347,1.310923696503857
1.0,-1.5692561273944634,-0.06810045469356894
1.0,-0.5103428738061208,-0.14913918465115597
1.0,-0.4477714253522432,0.3550395291080001
0.0,0.937850297361706,0.8677062527201732
1.0,-0.3566630610733439,0.5698405144524853
1.0,-1.8951755930793188,-0.22661307466260003
0.0,0.0877304638665764,-0.9952278451786465
1.0,-0.03368923154093914,0.6634792559463168
0.0,0.17975156577131524,-0.7895712742731404
1.0,-1.040162880979482,-0.8182753679602661
0.0,1.7190346810845034,-0.6546431760426943
1.0,-0.32385978378534624,0.057708806756984116
1.0,-0.18829685849366687,-0.7962964642905049
0.0,-0.9000085698091608,-1.1356880367850306
0.0,-0.9310020038747236,-0.6588419444577848
1.0,-1.2227369597487854,-0.1833318104609036
1.0,-0.3933108517811569,0.45428446814507467
1.0,-0.957581838756634,0.06726691076374067
0.0,2.0564673412252215,-1.0804620952488755
1.0,-1.8884923803868152,0.2286621315710562
1.0,-1.1283305481817938,0.32275552139599994
1.0,-0.40141442845701475,-0.45496319041455213
0.0,0.6734912780983248,-0.7962460588279633
0.0,-0.41375688138006245,-0.7966301540623809
1.0,0.6759633930029775,-0.5318123168455532
1.0,-0.9868038892903219,2.214242036435874
0.0,0.05929113389470675,-0.8890724087905467
0.0,1.7440410870108336,0.2659991671788799
0.0,-0.9677443956994779,-0.7141025963729193
0.0,0.4195676758953945,-0.5059831157853202
0.0,0.2069275192832601,-0.7061364393964027
1.0,-2.25153498598787,0.8012023859065722
1.0,-0.5889705464706788,0.37910782854330577
0.0,1.1311519053059893,-0.12934380114080415
1.0,0.1350776724846987,0.5029349466497697
1.0,-1.2122689628960637,0.7434656952738399
0.0,0.6907772729156428,-0.8507150464015061
1.0,-0.4791229453143527,0.5472524131830305
0.0,0.36005072808083677,-0.7176316844216134
1.0,0.3769201144376306,0.837935227193522
1.0,-1.1186956011455729,0.7401984793865525
0.0,0.7898280347342986,0.40370305069677687
1.0,-1.007508801235176,-0.20992634122403558
1.0,-1.30578586634164,-0.5261092631211002
1.0,-0.882828987722037,-0.26362869867309485
1.0,-0.3460900338631944,0.7691547640535308
0.0,0.10940315644126239,-0.6823310456676803
1.0,-0.77258373237244,0.04967123997034232
0.0,0.7448193123951158,-1.7476291693217696
1.0,0.2514641840435942,0.26037465852430103
0.0,-0.6947982151055028,-1.0355284174209507
0.0,0.8889929175948555,-1.3181367318350532
0.0,1.1610683576464835,0.5187148819406414
1.0,-0.09868469680951346,0.21033753013380974
1.0,-0.21498304496389087,-0.4433774896480074
1.0,-1.7737713532563517,-0.3020956757693075
1.0,-0.4075125923914689,2.271033767456694
0.0,-0.2915067125653651,-0.1941442930229669
1.0,0.24537940725969198,-0.2012160282775899
1.0,-0.16842643163047274,0.6523052791547445
0.0,0.24402693814049461,0.08721233726835421
1.0,1.5340902893038646,0.9874284497575734
1.0,-0.5299140986336766,0.2774488018821426
1.0,-0.49097228256584685,0.7610891425383822
1.0,-1.3091653143025817,0.44333041298483306
1.0,-0.008660466741585568,0.6453037648236415
1.0,0.9768129824696102,-0.042652969846177974
1.0,-1.7510703491923696,0.22252777726910358
1.0,-0.6658569670193876,-0.27103549320058984
1.0,0.03594050250391853,0.6041695073863402
0.0,0.8501028835244372,-1.3460386845653458
1.0,0.38287023902686523,0.7261362898880562
1.0,0.3254636281821306,0.9980253502222085
0.0,-0.2243127859709009,0.74176177791472
0.0,0.4818742570187152,-0.10409771951661516
1.0,1.014303883533461,0.505229211106964
1.0,-1.7089917765492033,-0.7765786679437585
1.0,0.7285354008351337,0.8371022139010417
0.0,-0.09875980586671322,-1.0992152905917023
1.0,-0.5299888642145143,0.5937311212495301
1.0,-2.443075785879315,0.5326573946133885
1.0,-1.3803513236542992,0.40672783626369546
0.0,1.6980589922472507,-0.4470836442472603
1.0,-0.6885485324635544,0.7601662329675437
1.0,-1.084768771253082,-1.8372648625636412
1.0,-0.45642595614359244,0.777221812367959
1.0,-0.7451472218585933,0.19143790953291445
1.0,0.1243586326189154,1.0509586725418538
0.0,1.5169736782466114,0.20004898491654666
1.0,-0.5866159508522137,1.8381901467597117
1.0,0.15429005055187112,-0.941819333448146
1.0,-1.1472371412402353,0.6094073185015682
0.0,1.520166442206532,-0.8860044891557212
1.0,0.18904344241411,-0.126386180454225
1.0,-1.0818191232906198,0.7423725876426749
1.0,0.9043062201346425,0.625430326210501
1.0,1.1999876485826133,2.079538680357677
0.0,0.16145636340763547,-0.35140673336349937
1.0,-1.639396967540776,1.286001344146182
0.0,1.7851688135164747,-0.25430018713019203
0.0,0.3101225206265262,-0.7009000882846989
0.0,1.1704542973614533,-1.622953561417024
1.0,-0.5508932051171423,0.16267062590215062
1.0,-0.39862392473390046,-0.5213056056161282
1.0,0.11045310929056538,0.8475173698289039
0.0,1.11340167803588,-0.5284007549344323
1.0,0.14299002816716133,-0.4766015575819446
1.0,-1.2568338125336815,0.3546552764309387
1.0,0.26198919678334104,1.7212157981393923
0.0,1.6295341945107669,-1.0886498809361485
1.0,0.06580628246283132,1.0176128047319954
1.0,0.12938552377648257,0.8741052997953694
0.0,-1.2625437427838198,-0.22094597036843394
1.0,-1.4029890877228395,0.6754162850183403
1.0,-0.6376921388132418,-0.284276426327477
1.0,-0.32651764661872357,2.37138845402525
0.0,0.10406073501027997,-0.11209529175507846
1.0,0.16595697447417668,0.08041409355266435
0.0,1.6019076510169283,-0.3257916091508248
0.0,0.05868743844990988,-1.693454047511539
0.0,1.0644226884109076,-0.2631533798781893
1.0,-0.03932933464491537,0.23203697153890715
1.0,1.448903611625761,1.500922621656731
1.0,-1.8703974787472009,0.4919571277965661
0.0,-0.5987317666784293,-0.189382187732697
0.0,0.9830333962592408,0.05994319274761793
1.0,-0.17159600525671556,0.3273403664082984
0.0,0.9315296133879658,-0.3789660585789339
0.0,0.38506610277727105,0.6822370168028621
1.0,0.9458769837130342,1.6250881580866812
1.0,0.6130677280288434,-0.36314873849553675
1.0,0.6736489338137502,1.2075302658503617
1.0,1.49245538715155,0.876326304231321
0.0,0.9864740187009399,0.5372448610538645
1.0,0.9938067071364096,0.1119256185568647
1.0,0.020418758785576606,0.33778387098271057
1.0,-0.5818502098168723,-0.21739317387180876
1.0,-0.6595600882722964,1.8368685037265968
0.0,0.7509445971896803,-0.7184031557554633
1.0,-2.4384605640450236,1.1349446942859343
1.0,-1.3071781883042857,1.5497217212656154
1.0,-0.96325368587879,-0.3231343328226999
1.0,-0.24762137869361706,1.1658469592921084
1.0,-2.631438036808334,0.14398134623101064
0.0,1.2587213025893325,0.06235978863550315
0.0,0.6001752363295938,-0.07456369283612095
0.0,1.9845823984585664,-1.613731100542421
1.0,1.062214468922782,0.5479239582517051
1.0,1.030379331152028,1.4435517643517461
0.0,2.2506760310308676,-0.7047204226246058
1.0,-0.5709580868574299,0.8473386580790396
1.0,-1.5034583992493944,-0.0852053922937219
1.0,-0.23235739649273984,-1.0926892749774142
1.0,-0.8249920538471605,0.9978899657197836
1.0,-0.25684536102444716,1.6860368312962442
0.0,-1.0502189902580903,-0.7942523588696101
0.0,0.567880067453997,0.21580169553287368
0.0,0.5129828495987242,-1.4397357076793509
1.0,-0.026922590568272415,-0.04200731857123523
1.0,0.31158150338288004,0.4860664028432633
1.0,-0.14205072712918293,1.7529096058434601
1.0,0.7520336682672812,1.5575737161261245
1.0,0.06964074948535595,1.6424983415632208
0.0,-0.2654456248957732,-0.5270919418720428
0.0,0.9295844699427109,-0.24516506849901573
0.0,1.2608212692267615,-1.6643054249219367
0.0,1.3374538256412125,-0.7151555084189788
1.0,-0.9902746893194819,-1.4518292018451076
1.0,-0.5344472080416974,0.36553689663724154
1.0,-1.701496094747692,-0.6969900047912437
0.0,-0.23856501820360618,-1.101422269814973
1.0,0.4161238144776257,-0.3554144359006804
0.0,-0.13280117451197487,-1.1848769559294434
0.0,1.930850867048302,0.3090168197876328
1.0,-0.4058433751113569,0.2844474940234366
1.0,-1.088508555488929,-0.3157125900577396
0.0,0.5685042066678756,-0.7306754804134263
0.0,0.14993382849816042,-1.3394413748455674
1.0,0.5496425958003854,0.55535660524804
0.0,0.3037879307861897,0.22872073993543648
1.0,0.24376576053087365,0.46431546412244346
1.0,-2.1222988830425917,-0.30643538095264716
1.0,-0.726114027517346,-0.21792350558140203
1.0,-0.5903249179528643,1.4419991487763029
0.0,-0.3479643379349264,-0.6005848654989371
1.0,-0.4483916384609412,-0.31264402255808427
1.0,0.41281876168769105,0.7438920828651489
1.0,0.6008825086920193,0.3029112965556297
0.0,-1.1316409267511525,-2.0466222070664988
0.0,0.6868044067946779,-1.6878867300316678
0.0,0.585768138667071,-0.6608312666100944
1.0,0.4657700660382165,0.9102996644453665
1.0,-1.4178944880296693,0.6716730776826834
1.0,0.4405823002889993,0.5195233607499855
1.0,0.08259541953627011,0.6277440963358235
0.0,0.960880075213844,-0.9689447546225224
1.0,1.7843567953013033,0.6010470932505538
0.0,1.5880678855942618,-0.9212836967225428
1.0,0.11264417223992805,0.9472992017721052
1.0,-0.0018746917257705736,-0.5105651342140736
0.0,0.6319482840093328,0.28162607810668
0.0,-1.1150399534194404,-1.8744984037190169
1.0,-1.4506831416048005,-1.3488889122053853
1.0,-0.4725305920249986,1.090677437887579
1.0,1.2205689137145275,0.6917438701869101
0.0,-0.3311282982824718,-1.2179367733207993
1.0,1.502580905809435,1.2855917224139994
1.0,-2.7881128830850024,-1.090784428818142
1.0,-1.5872064267876305,0.019961103904332523
0.0,-0.12368873285569916,-0.48010062186615227
0.0,0.8881945413408756,-0.9234151966211207
1.0,-0.06962309872009259,1.1679405615385783
1.0,-0.09565274449329955,1.6849814956242684
1.0,-0.12174149525709202,0.17827421709765698
1.0,-1.7628977344010746,1.5259989168626682
1.0,1.1580688744398528,-0.2812150531893959
1.0,-0.6827647198373713,0.1083085983823543
0.0,1.089532657214453,0.1314892563946184
0.0,-0.07052341796234977,-1.1567088886237218
0.0,1.0681603873290815,0.4994568924625311
1.0,0.34325798097756616,0.7096931401623692
1.0,-0.10667449055824228,-0.1734736346413268
0.0,0.22626164706870253,-1.691751168112843
1.0,-1.472977609111576,0.3677054943710771
0.0,0.006029327171035006,-1.515013514150283
0.0,1.7160403221121312,-0.8112698336357715
0.0,1.3081935639887152,0.13142129245031492
0.0,-0.9850235826980721,-0.7696624643237536
1.0,0.5056858513379232,0.25367665054517463
1.0,0.24797988474753857,-0.2262102548964797
0.0,0.8171882801174081,-1.6304965107410547
1.0,0.09415288552221196,0.16797156107851
1.0,-0.2335039931301,0.5865796802865407
1.0,1.3306307763606484,1.0124002428118812
1.0,0.21639656827201,-0.3665680747669453
0.0,1.255464321946314,-0.06148367873520642
0.0,0.974386203344494,-1.4951086693398008
1.0,-0.3244872415189078,1.9648894053392907
1.0,-0.1670002743571596,1.505008189349684
0.0,1.9298324339990223,-0.03183401761355125
1.0,0.19148232543991203,-0.1248417726449547
0.0,-0.7586284233600243,-2.9302228443679765
1.0,-1.2000432779850234,1.035262562912749
1.0,0.9741324352577567,0.5628611811572876
1.0,0.1602937210962731,0.812811870496868
1.0,-0.7920919505289836,-0.40524815529942676
0.0,0.6745848312366249,-0.46942882506336664
0.0,0.15974869505592115,-1.2354186458203336
1.0,-1.660475070762957,0.7780097301850001
1.0,0.5886855547108121,1.2521538786984636
1.0,1.3331907028432335,1.1238828767630464
0.0,2.559850230632471,0.18725757600835297
1.0,0.03490256406200444,-0.3266517021675272
0.0,0.2326496582105465,-1.0519704233661038
0.0,1.6065968052348043,-0.7017505196308544
1.0,0.16872226693647913,0.4675504736350222
1.0,0.2753418630799228,-0.2845533754008734
1.0,-0.630618391430576,1.641404184735519
1.0,-1.3943751127131896,1.1523560308243272
0.0,0.9126879358198553,-0.6018091321161564
0.0,-1.273570236812244,-1.2156620643350033
0.0,1.1406562429474632,-0.5484183427711675
1.0,-0.7881655588876596,1.0653829464364948
0.0,0.2652339583982989,-0.5239224081217192
1.0,-0.3722717313582859,0.5459879851665007
0.0,1.1746002379573404,-0.5658801192271726
1.0,0.300846402206581,0.3431641570234438
0.0,1.9590953525071417,0.5281419733529799
1.0,-1.0836776793595817,0.9858332455845462
1.0,0.4138630815357569,1.4332401305797497
1.0,0.047341880907133,1.310228934807935
0.0,0.27994357125692276,-0.5301715091727704
0.0,1.5959211716104487,-0.14701873614404276
0.0,0.5853180300922858,-1.1735250952083474
1.0,-1.147525408677207,-0.23568528753446685
0.0,0.5335108183398289,0.024317144864591727
1.0,-0.4156193761557507,-0.40395993492943094
1.0,-0.4733549700707904,-0.5035845684495059
1.0,1.0458573280333687,1.0320801777524604
1.0,-0.6023399830262286,0.9074829450907496
1.0,-0.3797303275801356,0.39912204785204475
0.0,0.03240725440387064,-1.2775106035629524
0.0,0.9461858967453881,0.20093089950023382
0.0,0.5815898028611892,-0.38423157094000376
1.0,-0.23441491191787137,1.315727460797091
0.0,-0.27217646568739323,-1.8022907466733604
1.0,-1.1601296615335286,-0.5588236912996468
1.0,-0.7598350885926631,-0.5866503082535667
0.0,-0.6543810858204931,-0.46657403195990266
1.0,-0.14929094174744556,0.9575787484971386
0.0,1.9867630371691618,-2.3523584111768514
1.0,-0.6754694337864318,-0.20805217622988054
1.0,-0.2958290679056386,0.8507206741174647
1.0,-2.0523984049766058,0.9801175060083599
1.0,0.6005710943105073,-0.549077860540066
1.0,-1.5774487938270054,-0.679778149342087
1.0,-0.9065895221643572,0.34621357347270776
1.0,1.042335368440993,0.15103669025071986
1.0,-2.1049284295789623,0.0694031150272569
0.0,0.09592041239523996,-3.801378196860991
0.0,0.8009296466651268,-1.1271722049031339
0.0,1.5254442364402778,-0.863223062848507
1.0,-0.9200931084896136,0.6430098619590356
0.0,-0.624024850239865,-1.4407597046690717
0.0,1.8044363234026013,-1.04662756086045
0.0,-0.025060144581597745,-0.15438400593240165
0.0,-0.7362639342696717,-1.2875951767798524
1.0,-0.7174858373072273,0.6428539051809659
1.0,-0.9725563235674656,-0.3914036798086067
1.0,-0.4396722054259928,1.832905932294317
0.0,1.0882204764493446,-0.6297187170588883
0.0,0.8877660685734637,-0.5762832031665642
1.0,-1.1742703028253445,0.8044382892693089
1.0,0.21458607470423502,-0.6553369266664799
1.0,-0.40215973507251773,1.5115683204421728
1.0,0.7824404041044422,0.48291494227225784
0.0,-0.15635972722929936,-0.30387993944381264
0.0,0.37152468179976716,-0.16079799707707773
1.0,-0.15860520695849933,2.850707737117589
1.0,-2.1870859306382227,0.4886543589979511
1.0,0.04700244536864444,0.15047701594142976
1.0,-1.2717469495300868,-0.13257675518338724
1.0,0.7471284116768413,1.0371620326802644
0.0,-0.6798278923997879,-1.518326313799268
1.0,-0.6050126560729895,-0.18118802296682254
0.0,-0.008902825012302579,-2.8336574560135026
0.0,0.5777939542243806,-0.533407625911667
1.0,-0.1697438177991287,0.847926812910694
1.0,1.6421827720450202,1.3822308388552174
0.0,1.648817861485808,0.605970238180039
0.0,1.7154685921699906,0.6399685914977417
0.0,-0.23431872455876748,-1.7159014899546312
1.0,-1.4819584561028547,-0.678373811394933
1.0,1.220078514238279,1.474405015912123
1.0,-0.416345285299776,-0.5238600104841304
0.0,0.03816631200200775,-0.1359824020931157
0.0,0.62832010285517,-0.8055619863576818
0.0,-1.6044364005126521,-0.933751485490244
0.0,1.6291212053324975,-0.47026922647970437
0.0,0.8749623291033075,-0.661055965927149
1.0,0.35227158207147286,0.9575017958168417
0.0,0.8909167504786911,0.215369597889294
1.0,0.5569525393273475,1.0188838264435174
0.0,0.11682811556907778,-1.387237503327094
1.0,-0.3077743221445603,1.2254531482040572
1.0,-0.7391422743557824,0.021456224044905343
1.0,0.2872142809033677,1.8393483841259441
0.0,0.36120305977167483,-0.052776138360648865
0.0,1.0831988026881991,-1.4934018146629204
1.0,0.20066000871919681,1.2842206278738375
1.0,-0.8532015157805608,-0.1364882381235323
0.0,-1.576232847396656,-2.1521150796668893
1.0,-0.12756216200993092,0.14519468136970404
1.0,-0.027458376689570886,0.23122812585811972
1.0,-0.09809158279359968,1.0761127433286186
0.0,-1.5305128973556241,-3.5874938312144575
1.0,1.0744651405355077,1.1488694751112953
0.0,1.0726297462337824,-0.4745967547419668
1.0,-0.823285164614491,1.9262479079208592
0.0,0.8059821116221542,-1.7182810008406593
1.0,0.9528308618116563,0.5453389019207187
1.0,0.03844707664769293,0.411718830755267
1.0,-0.9484986261940769,-0.422114730260586
0.0,1.613381535261024,-0.7738059051086779
1.0,0.38092143377222654,-0.37374502771110296
1.0,-0.2510374552120426,-0.3467202905624426
0.0,0.7728453956729086,-1.2534380064376893
1.0,1.6222084878501515,0.9929921700512451
1.0,-0.4971601466888655,-1.0922003464320973
1.0,0.6914225452567888,1.0231909777800074
0.0,1.9431601707247084,-1.7889345652509228
1.0,-1.1165648342354797,-0.17718978019187487
1.0,-0.5492535887280628,-0.1623065330357974
0.0,-0.5978550805922049,-0.01579437194355793
1.0,-0.15832713704922016,0.9562958796793082
1.0,-0.20997373588419468,-0.20234721995776053
0.0,0.3007954393670502,-0.4579294102836994
1.0,-0.8203755201347369,-0.19932758486072275
1.0,-0.6226634888808933,0.9810068555697485
1.0,0.3012904839825757,-1.2056069481346936
0.0,0.15491185973371044,-1.0206684998064623
0.0,0.8740798091601995,-1.9566982524232808
1.0,0.40935502492564035,2.0272486958864038
0.0,0.7718466355607634,-1.1597447282824545
0.0,-1.1429520395415,-1.885431655871733
0.0,-0.3834163111157828,-0.8088991386454156
0.0,1.8483799508834453,-0.6124552480518545
1.0,0.39207804655166945,1.465456001240402
0.0,0.7473929615463166,-0.4648992255753021
0.0,0.27273473716279445,0.29176928070937597
0.0,0.42533585692878567,-1.7907798047252304
1.0,-0.23090405152817356,0.2079834917816728
0.0,3.571579218026311,-1.6487962447192448
1.0,-0.39615592240969827,-0.31359504883286077
0.0,-0.03832121774315163,-0.7598709809829328
1.0,-2.424836325455249,0.05827149716642897
1.0,1.1062666575947218,0.6344087061386305
0.0,-0.5522529496849271,-1.335895950798125
0.0,-0.06079410601164124,-1.1364184282224241
1.0,-0.5280405508818312,0.193589005944582
1.0,-0.13868294527484562,0.6872857108024943
1.0,-0.28424709842062984,1.417375195094796
0.0,-0.04304177578064844,-0.47189173035268167
0.0,-0.052801482653846724,-1.4914786749108953
1.0,-0.15420531148588265,0.186625719560586
0.0,-0.16787722654627948,-0.794643717887957
0.0,1.308518452326017,-0.9244201975664809
1.0,0.8814169197592583,1.4081770743652862
1.0,0.8874423184465896,0.6187168100871239
1.0,-0.7324488811117759,-0.7280778642763331
0.0,1.2568208318483642,-0.018711535341657138
0.0,1.1316445091958878,-0.08567698812090879
1.0,-0.553404328801565,0.16509561783379112
0.0,1.5238520171998033,-0.40593961335790624
0.0,-0.6832259429997894,-1.9000625276370466
1.0,-1.842031838405077,-0.9763501750055934
0.0,1.1015259861531725,-0.5319965852547925
1.0,-0.11951878043007562,0.02811176626622418
0.0,0.9769215645749826,-1.08229436218015
1.0,-0.7542021627241914,0.18628493789408118
1.0,-1.2617700117470425,-0.38127146118407806
0.0,1.23187178862397,-0.7594751018898269
0.0,-1.4072685633957673,-1.2702761239644262
1.0,-1.5610305114373637,0.44649141639144774
1.0,-1.9255868907643525,0.4242433858229793
1.0,-2.7944722983075785,0.8002208817889809
1.0,-1.03910438326439,0.5492882256302678
1.0,-2.1694079584120365,0.6241344547945086
1.0,-0.035605484609829575,0.3820786196601318
1.0,-2.2364173503246474,-1.7584096786004588
1.0,-1.0942734191759897,-0.2791188794463528
0.0,2.332061996209657,-1.4323824617568983
1.0,0.34512424061207164,1.3692120754930326
1.0,0.05280567540772656,-0.014013724706417307
1.0,-1.6207519803198573,1.2697558454851914
0.0,-0.24559766594877117,-1.0303222917839858
0.0,0.048108563136617044,-0.09186921589268413
1.0,-1.605180795787059,0.26337424970889284
0.0,0.12618068088061885,-0.33090214560351394
0.0,1.1912324570650992,0.1877893997499208
1.0,-0.34825811883938024,1.482163456708382
0.0,-0.19723636840428496,-1.031913422999302
0.0,-2.0420964154954233,-2.6379224872883786
1.0,-1.3992338686095869,1.6006241393333227
0.0,1.0576951014282159,-0.7916622366385611
1.0,-0.6615506465805062,1.1224996962225864
1.0,-0.9297116344424167,0.6519133002708244
1.0,-0.6925831159713568,-0.21668679803272145
1.0,-0.05746612700083015,0.38034478964435503
0.0,-1.1584159108657917,-1.1405342643634924
1.0,0.12651650597023537,0.08589715439278962
1.0,-1.3600076771230591,0.5940402047853834
1.0,0.7740000020757852,-0.7743327263365275
1.0,-1.0570557773396025,-0.38029109711168085
1.0,1.3202683189321007,0.31259351975132244
1.0,-0.010032652757383347,1.3232737096546197
1.0,-0.8456444283952297,-0.0031548398727755888
0.0,0.9114606095823158,-0.4306598446089692
0.0,-1.3744968791031125,-0.14641577453445143
1.0,-0.5470656450174095,1.160175947005379
0.0,-7.552661061545873e-05,-0.6415123358314557
1.0,-0.12116680328820885,-0.300232397105865
1.0,-2.008585468370626,-0.6322607782348555
1.0,-0.9206465426133663,-0.20431653477724301
1.0,0.1682343424234322,0.21369560233776932
1.0,-1.3198915593599103,1.0338782015211176
0.0,1.2664292986658463,-2.1245752847438957
1.0,0.4951808887859862,0.5554889157620354
1.0,-0.5142403907110707,-0.8915898824001487
1.0,-0.2202924653000638,0.5930700051303133
1.0,1.8615641238318181,1.2396349893012046
1.0,0.9359884508763173,0.9955950119998253
1.0,0.38021914486617187,0.1579587801589276
1.0,-1.4155187704342762,0.8344989339590665
0.0,1.6296113186459584,-0.9433839363906805
0.0,1.052401068873978,-0.06783008579806996
1.0,-0.14840538755987095,1.5194710966809868
1.0,-0.5496980692087847,-0.7892555297763586
1.0,-0.18790393877677286,0.19726916503940956
1.0,-1.2019366808669738,-0.3691753722778006
1.0,-0.47078555770734065,-0.19510847021258867
1.0,0.7631605141545158,0.4060711951465114
1.0,-1.807621277242572,-0.26951890521340593
1.0,-0.3140743742422747,-0.003409146538131313
1.0,0.11375597287983731,-0.5045832696124614
0.0,0.10356803732332855,-1.8250283251709292
1.0,-1.1789369540334256,0.19309412822875205
1.0,-1.1821528913270605,0.43947003665123624
1.0,1.0891653824583838,1.3821734642040504
1.0,-1.224529092816291,-0.13186546313703731
0.0,1.0086509563084367,-1.3947085314093688
0.0,-0.48236531510849157,-0.7540081940732426
1.0,1.0797963503009356,0.5403923453392317
1.0,-0.42107850540501407,-0.08452951063307515
1.0,-1.166471320616305,0.27929088415876474
0.0,0.856554856393462,-0.3530801384877145
1.0,-0.01739122223019718,1.8698089140811711
1.0,1.4485765853244514,1.7279880112814927
0.0,0.892200085137838,-0.9315956254532881
1.0,-0.22942662894379623,0.9090309931108516
1.0,-0.4496676016629738,0.30406238981478706
1.0,0.02337234328724855,0.013559525289671644
0.0,0.19021001785918956,-0.8596879893441806
1.0,-0.8817485267318087,1.6215306334476487
1.0,0.8419395730245767,1.1652583411657258
0.0,-0.39736349181039743,-1.4571000526191356
1.0,-0.4230277451533124,1.3834913082593199
1.0,-0.5406883373725029,-0.03837827035238455
0.0,0.23101726734337139,-0.5977905740428394
0.0,-0.6920526017208553,-0.976577764577765
1.0,0.13497010999029418,0.9448203118607358
0.0,2.766603071101871,0.3998955214355069
0.0,-0.053609460071342124,-0.8741463202683905
1.0,-0.4340047382986483,-0.8110977883309515
1.0,-1.667689228147901,-0.38752310361359904
1.0,0.05022192476406931,-0.5125060456403828
1.0,-1.1092309432496061,0.5277803121526269
1.0,-0.37555811897157276,0.3787369930838098
0.0,0.15160759364714313,-0.6356499028604752
0.0,-1.7309894498221519,-1.6575094247749238
0.0,0.1574627523984585,-1.3339992668497576
1.0,0.3045151754260446,0.8700555088304502
0.0,-1.2971000196666516,-0.9948104735409704
0.0,-0.39230919212908744,0.11113519887059527
0.0,-1.8306663621778045,-1.7631575338020977
0.0,1.5755009358424055,0.39705983566300446
1.0,0.33056327654884465,1.9195264055710193
0.0,-0.17958850097910234,-1.3280672310020856
1.0,-0.16343583065616263,0.5496972691147225
1.0,1.1314436080657682,0.2724619331146089
1.0,-0.09416555192061088,0.9178839461541413
1.0,0.3308167712757532,-0.13124031933566202
0.0,1.518629560365495,0.27282494206526486
1.0,-0.3461671480021981,0.18197412814946928
1.0,-1.0926353245067322,0.5728428189707594
0.0,-0.824500574753621,-0.8391127050236458
0.0,1.4286638344392986,0.1924487613844936
1.0,0.09142830851405706,0.8103255974845255
1.0,-0.5023312882696742,1.1679905914246114
0.0,0.9736443797991589,0.4957289155236749
0.0,0.9979573856771604,-1.131956533961282
0.0,-0.4756477679064388,-1.55357817552007
1.0,-0.9719368370854505,0.40862556084060986
1.0,-1.57052860106121,-1.011643753172907
1.0,-1.793888920926237,0.8443346060858782
1.0,-0.2649864518459969,-0.2877843635611198
1.0,-0.893195947036793,1.0116159433929806
1.0,1.8584744098061854,2.12581662460879
1.0,0.0585377546950242,-0.06232267519153661
1.0,-1.9421495432511602,-0.11600038646897386
1.0,1.4187292755100624,1.013492949202779
1.0,0.1617103094175957,1.0639050277896922
1.0,0.7049794803731054,1.701608168112745
0.0,0.6820347768334102,0.1965696193161701
0.0,0.29655656728653923,-0.6328669583423246
0.0,0.5233426304345435,0.00771365725419405
1.0,0.23876067172970541,-0.6236291931197636
1.0,-1.106385905965437,0.23980970342870894
0.0,0.36673219814247404,-0.8682396878669727
1.0,1.0239055049925403,0.9020064563182728
1.0,-0.21005641264581787,0.6974901545879407
0.0,0.5513022180697554,0.1390333039176673
0.0,0.41958914519806184,0.02557654675594081
0.0,1.8156520639191072,-0.1964429181811256
1.0,-0.25275030069976034,1.3122552035216337
1.0,-0.2920041627702413,1.1874174826896131
1.0,-0.11693174014674963,0.14571685457777803
0.0,-0.10239107510368999,-0.8566498771059953
1.0,-2.272617710954302,-1.176848319189612
1.0,-0.6426098414665713,0.28762071303773584
1.0,0.29988506654577324,-0.6380619374163954
1.0,-0.008256514667853591,0.4759338723761218
1.0,-0.7993391541971328,-0.3866955373697608
1.0,-0.6647792521753807,0.7737543592386107
1.0,-0.355613128296959,0.20741524447887036
1.0,-0.8015717808024205,0.9980530619517543
0.0,-0.5130506104434005,-2.233905252294292
1.0,-0.5393901194785343,-0.227050245824866
1.0,0.8953708466071769,2.216788133266835
0.0,1.0163912685410768,-2.5031610117369376
1.0,0.9335850943946729,0.8426522172851623
0.0,0.4267017991752182,0.41800374076894203
1.0,-0.7083224844135482,1.2857010543492353
0.0,0.9598304499937307,-0.17359179552562834
1.0,-0.31425058651942994,1.1903544390528793
1.0,0.02305220825947024,1.2169058041387777
0.0,1.3382205319305884,0.19678009270144395
0.0,0.08399285613164036,-1.1640118783694828
1.0,0.2472840302376188,0.9130045340818803
0.0,-1.4127794859965894,-0.9734369952851704
0.0,0.4870092937668535,-0.13737657056441324
1.0,-0.9800066473024811,0.9469082441625268
1.0,1.011939656367902,1.0920677064906987
1.0,-0.18459917717285057,-0.3479589732049755
1.0,-2.2361688420171104,0.6269829363737798
0.0,-0.35802010256334205,-1.542536613885471
1.0,-0.22803453828591722,-0.4723809012694099
1.0,0.48547522607809224,1.4689188959237782
1.0,0.6705123906471673,1.3433880478461098
1.0,-0.32776424472118837,0.6692138364157875
0.0,1.0128681948538745,-0.14183448580853825
1.0,-3.167055328652906,0.8472603166461764
1.0,-0.7139889980252292,-0.023228192037787348
1.0,-1.1123642708371866,0.16822860749339733
1.0,-1.2541835105849213,0.08838290840610988
0.0,0.9597063713475107,-0.7755203060617992
1.0,0.8291703990248491,0.7259248113193764
1.0,-0.7757700204102219,-1.069947260575109
1.0,1.17805700395996,0.7758448541897583
0.0,0.10146689245241805,-0.960602470571919
1.0,-0.4216841007751528,-0.7220757158974855
0.0,-0.6929227963724369,-2.8408473558032754
1.0,-0.7782717264630926,-0.15608345174169724
1.0,0.4727748574495346,0.18918897492935852
1.0,0.6501549009670022,0.827072508053467
1.0,0.23850121218790918,1.3108760096986793
1.0,-2.050217677383097,-1.4902134278294323
1.0,0.2963586560529044,0.9848274870798956
0.0,0.5653965640388058,-0.46403425360015677
1.0,-0.6692056054644492,-0.07206009820763162
1.0,0.04325054289835325,-0.10526835557242196
1.0,-1.8638842993007476,-0.44951467081969376
1.0,-1.229969061679773,-0.8899110568829337
1.0,-0.3242353482405271,0.2792167152139877
1.0,-0.3097511440161062,0.8111450446561498
0.0,0.3516793717496016,-1.2597717127599937
1.0,-1.18692538652941,-0.01945875637332236
0.0,-0.34120606462067304,-0.6290122546867031
1.0,-0.48977978041340897,1.0959217778185861
1.0,0.5280104739792081,0.4935795469446793
1.0,1.4210427683683313,1.5087051144253556
0.0,1.720920319810075,-1.5487650014491352
1.0,-1.5684400468313575,1.034196600361161
1.0,-0.0480141917504573,0.1626654104885733
1.0,-1.1125293102447653,-0.7251734497952682
1.0,-0.0647449514862398,0.4892034935587032
1.0,0.422919279615949,1.5660332728275252
1.0,0.08149089870341171,1.6046141246729158
1.0,-0.04901169879446085,0.8222182042566056
0.0,1.4830391747653016,-0.991604685820878
0.0,0.7209893917039087,0.30986345342253446
1.0,-0.27265446153778367,0.34242257607998683
1.0,0.024211360895293473,1.2420166226436282
0.0,0.8708978067893992,-0.1648751790198756
0.0,0.6097905060392789,0.015571783015878514
1.0,-0.4250761037008216,-0.6535086929310902
1.0,-1.7752428411035694,0.6680873206370499
1.0,-1.1846574927726896,-0.21541048915385103
1.0,0.14597922501351515,0.18597858875558868
1.0,-1.7865268526790055,-0.4695500128838926
1.0,-0.15239449801642782,0.04723961373241767
1.0,-0.45356917618752884,-1.0804130049769942
0.0,0.9992528030472034,0.16088916682544768
1.0,-1.3180438234754557,-0.6025752242276486
1.0,-1.9317689789009886,0.6993285544282427
1.0,-0.41964074161010806,1.8474534185045268
1.0,0.6347631315935225,0.8457012421214739
0.0,1.0699185989273519,-1.1199225138336157
1.0,-0.9093270165599429,-0.35929671589850365
0.0,0.47026374759618605,-1.6096950841174666
1.0,-1.1114304477623544,0.013570061891976485
